<application>
  <component name="ActionMacroManager">
    <macro name="tailwind v3">
      <action id="SearchEverywhere" />
      <typing text-keycode="84:0;65:0;73:0;76:0;87:0;73:0;78:0;68:0;32:0;70:0;79:0;82:0;77:0;65:0;84:0;84:0;69:0;82:0;32:0;70:0;79:0;82:0;77:0;65:0;84:0;32:0;67:0;85:0;82:0;82:0;69:0;78:0;84:0;32:0;70:0;73:0;76:0;69:0">tailwind&amp;#x20;formatter&amp;#x20;format&amp;#x20;current&amp;#x20;file</typing>
      <action id="TailwindFormatterFileAction" />
    </macro>
  </component>
</application>