<application>
  <component name="Trusted.Paths">
    <option name="TRUSTED_PROJECT_PATHS">
      <map>
        <entry key="C:\Users\jgrum\Desktop\BPRD TA" value="true" />
        <entry key="C:\Users\jgrum\Desktop\BPRD TA\.idea\.idea.BPRD TA.dir" value="true" />
        <entry key="C:\Users\jgrum\Desktop\SurveyCraft-main" value="true" />
        <entry key="C:\Users\jgrum\Desktop\SurveyCraft-main\.idea\.idea.SurveyCraft" value="true" />
        <entry key="C:\Users\jgrum\Desktop\bprd-assignments-master" value="true" />
        <entry key="C:\Users\jgrum\Desktop\bprd-assignments-master\.idea\.idea.BPRD-Assignments" value="true" />
        <entry key="C:\Users\jgrum\Documents\Programming\AlgorthimDesign\AlgorithmDesign" value="true" />
        <entry key="C:\Users\jgrum\Documents\Programming\AlgorthimDesign\DSA" value="true" />
        <entry key="C:\Users\jgrum\Documents\Programming\Csharp\AuthenticationTesterProject" value="true" />
        <entry key="C:\Users\jgrum\Documents\Programming\Csharp\ImprovedDb" value="true" />
        <entry key="C:\Users\jgrum\Documents\Programming\Csharp\ImprovedDb\.idea\.idea.ImprovedDb" value="true" />
        <entry key="C:\Users\jgrum\Documents\Programming\Csharp\JDForecasting\FakeCraft" value="true" />
        <entry key="C:\Users\jgrum\Documents\Programming\Csharp\JDForecasting\FakeCraft\.idea\.idea.UserCraft" value="true" />
        <entry key="C:\Users\jgrum\Documents\Programming\Csharp\JDForecasting\Formify" value="true" />
        <entry key="C:\Users\jgrum\Documents\Programming\Csharp\JDForecasting\Formify\.idea\.idea.Formify" value="true" />
        <entry key="C:\Users\jgrum\Documents\Programming\Csharp\JDForecasting\SurveyCraft" value="true" />
        <entry key="C:\Users\jgrum\Documents\Programming\Csharp\JDForecasting\SurveyCraft\.idea\.idea.SurveyCraft" value="true" />
        <entry key="C:\Users\jgrum\Documents\Programming\Csharp\JDForecasting\UserCraft" value="true" />
        <entry key="C:\Users\jgrum\Documents\Programming\Csharp\JDForecasting\UserCraft\.idea\.idea.UserCraft" value="true" />
        <entry key="C:\Users\jgrum\Documents\Programming\Csharp\JDForecasting\testproject" value="true" />
        <entry key="C:\Users\jgrum\Documents\Programming\Csharp\JDForecasting\testproject\BlazorApp1" value="true" />
        <entry key="C:\Users\jgrum\Documents\Programming\Csharp\JDForecasting\webapptestslet\BlazorAppAuto" value="true" />
        <entry key="C:\Users\jgrum\Documents\Programming\Csharp\KinoJoin" value="true" />
        <entry key="C:\Users\jgrum\Documents\Programming\Csharp\KinoJoin\.idea\.idea.KinoJoin" value="true" />
        <entry key="C:\Users\jgrum\Documents\Programming\Csharp\KinoPrototype" value="true" />
        <entry key="C:\Users\jgrum\Documents\Programming\Csharp\KinoPrototype\.idea\.idea.KinoPrototype" value="true" />
        <entry key="C:\Users\jgrum\Documents\Programming\Csharp\SletMig" value="true" />
        <entry key="C:\Users\jgrum\Documents\Programming\Csharp\SletMigHeltKlart" value="true" />
        <entry key="C:\Users\jgrum\Documents\Programming\Csharp\slet" value="true" />
        <entry key="C:\Users\jgrum\Documents\Programming\Csharp\slet\.idea\.idea.slet" value="true" />
        <entry key="C:\Users\jgrum\Documents\Programming\FSharp\Exam2014" value="true" />
        <entry key="C:\Users\jgrum\Documents\Programming\FSharp\Exam2024" value="true" />
        <entry key="C:\Users\jgrum\Documents\Programming\FSharp\Exam2024\.idea\.idea.Exam2024" value="true" />
        <entry key="C:\Users\jgrum\Documents\Programming\FSharp\ProgramsAsData" value="true" />
        <entry key="C:\Users\jgrum\Documents\Programming\FSharp\ProgramsAsData\.idea\.idea.ProgramsAsData" value="true" />
        <entry key="C:\Users\jgrum\Documents\Programming\Scala\fpinscala-second-edition" value="true" />
        <entry key="C:\Users\jgrum\Downloads\ListC\ListVM" value="true" />
      </map>
    </option>
  </component>
  <component name="Trusted.Paths.Settings">
    <option name="TRUSTED_PATHS">
      <list>
        <option value="C:\Users\jgrum\Documents\Programming\Scala" />
      </list>
    </option>
  </component>
</application>