<application>
  <component name="DimensionService">
    <size key="GridCell.Tab.0.left.0.0.1920.1080" width="1838" height="394" />
    <size key="GridCell.Tab.0.center.0.0.1920.1080" width="1838" height="394" />
    <size key="GridCell.Tab.0.right.0.0.1920.1080" width="1838" height="394" />
    <size key="GridCell.Tab.0.bottom.0.0.1920.1080" width="1838" height="394" />
    <size key="GridCell.Tab.1.left.0.0.1920.1080" width="1838" height="300" />
    <size key="GridCell.Tab.1.center.0.0.1920.1080" width="1838" height="300" />
    <size key="GridCell.Tab.1.right.0.0.1920.1080" width="1838" height="300" />
    <size key="GridCell.Tab.1.bottom.0.0.1920.1080" width="1838" height="300" />
  </component>
  <component name="WindowManager">
    <frame x="-1688" y="0" width="1400" height="1000" extendedState="6" />
  </component>
  <component name="WindowStateApplicationService">
    <state x="740" y="204" key="FileChooserDialogImpl" timestamp="1724489165882">
      <screen x="0" y="0" width="1920" height="1040" />
    </state>
    <state x="740" y="204" key="FileChooserDialogImpl/0.0.1920.1040/-1920.0.1920.1040" timestamp="1724489165882" />
    <state x="739" y="409" width="800" height="631" key="new project wizard" timestamp="1724489174492">
      <screen x="0" y="0" width="1920" height="1040" />
    </state>
    <state x="739" y="409" width="800" height="631" key="new project wizard/0.0.1920.1040/-1920.0.1920.1040" timestamp="1724489174492" />
  </component>
</application>